<?xml version='1.0' encoding='utf-8'?>
<!DOCTYPE hibernate-mapping PUBLIC
    "-//Hibernate/Hibernate Mapping DTD 3.0//EN"
    "http://www.hibernate.org/dtd/hibernate-mapping-3.0.dtd">
<hibernate-mapping>

    <class name="com.ssh.entity.UserEntity" table="user" schema="sale">
        <id name="userid" column="userid"/>
        <property name="email" column="email"/>
        <property name="username" column="username"/>
        <property name="phone" column="phone"/>
        <property name="password" column="password"/>
        <property name="bankcardid" column="bankcardid"/>
        <property name="major" column="major"/>
        <property name="gender" column="gender"/>
        <property name="role" column="role"/>
        <property name="state" column="state"/>
        <property name="address" column="address"/>
    </class>
</hibernate-mapping>